algorithm,r2_test,mae_test,r2_train,fit_seconds
hist_gradient_boosting,0.8799550117317078,139.42340704231668,0.8704088557642973,5.0
ridge,0.8728475518388161,145.13100697715404,0.8469649439483341,0.0
linear,0.8728466255166588,145.13217796981206,0.8469649677158488,0.3
random_forest,0.8480520069661142,158.6863754999999,0.9747981102936356,12.9
